"DESCRIPTION","DURATION IN MS","NAME","PARENT SUITE","START TIME","STATUS","STOP TIME","SUB SUITE","SUITE","TEST CLASS","TEST METHOD"
"","696","test_product_search","tests","2026-07-28","passed","2026-07-28","","test_productsearch","",""
"
Automated Test Case: Verify that a new user can successfully register an account.
","1777","test_user_registration","tests","2026-07-28","passed","2026-07-28","","test_user_registration","",""
"
Automated Test Case: Verify that login fails for invalid user credentials.
","2141","test_invalid_user_login","tests","2026-07-28","passed","2026-07-28","","test_login","",""
"
Automated Test Case: Verify that login succeeds for valid user credentials.
","4275","test_valid_user_login","tests","2026-07-28","passed","2026-07-28","","test_login","",""
